start_time,end_time,duration,label,rms_energy,event_label,scanner_block
0.944,0.976,0.03200000000000003,2,0.0,,1
0.976,0.992,0.016000000000000014,0,0.0,,1
0.992,1.024,0.03200000000000003,3,0.0,,1
